Algorithm,Mean_AUC,Mean_F1,Mean_Precision,Mean_Recall
Support Vector Machine,0.8084900396008617,0.5521119761970348,0.6747045570916539,0.4745098039215686
XGBoost,0.7893537476377905,0.4379196834455422,0.7150849150849151,0.3163137254901961
Logistic Regression (L2),0.7888994330697287,0.5559310462536269,0.630717960830559,0.5021176470588236
Random Forest,0.7564456842282647,0.09593350046180235,0.9333333333333332,0.05152941176470589
