Pooled_AUC,Pooled_Lower,Pooled_Upper,Q,I2,df
0.6934138592520187,0.6547818796819785,0.7320458388220589,8.658659181913881,42.25433874976915,5
