Algorithm,Mean_AUC,Mean_F1,Mean_Precision,Mean_Recall
XGBoost,0.8891926238881064,0.601642186862505,0.8322575891541408,0.47474509803921566
Random Forest,0.8774135341060918,0.3273570570359352,0.975,0.19764705882352943
Support Vector Machine,0.8093616918836288,0.5459225977516662,0.6712442396313364,0.46658823529411764
Logistic Regression (L2),0.7961347632975843,0.558633014172986,0.6226052048726467,0.5100392156862745
